adult_weekday,adult_weekend,average_snowfall,base_elev,daysopenlast_year,double,fast_quads,fast_sixes,longest_run_mi,name,night_skiing_ac,projecteddays_open,quad,region,runs,skiable_terrain_ac,snow_making_ac,state,summit_elev,surface,terrain_parks,total_chairs,trams,triple,vertical_drop,years_open,price_delta
65.0,85.0,669.0,250,150.0,0,2,0,1.0,alyeska_resort,550.0,150.0,2,alaska,76.0,1610.0,113.0,alaska,3939,2,2.0,7,1,0,2500,60.0,20.0
47.0,53.0,350.0,1200,45.0,4,0,0,2.0,eaglecrest_ski_area,,90.0,0,alaska,36.0,640.0,60.0,alaska,2600,0,1.0,4,0,0,1540,44.0,6.0
30.0,34.0,69.0,1796,150.0,0,0,0,1.0,hilltop_ski_area,30.0,152.0,0,alaska,13.0,30.0,30.0,alaska,2090,2,1.0,3,0,1,294,36.0,4.0
89.0,89.0,260.0,9200,122.0,1,0,1,2.0,arizona_snowbowl,,122.0,2,arizona,55.0,777.0,104.0,arizona,11500,2,4.0,8,0,2,2300,81.0,0.0
74.0,78.0,250.0,9200,115.0,1,1,0,1.2,sunrise_park_resort,80.0,104.0,2,arizona,65.0,800.0,80.0,arizona,11100,0,2.0,7,0,3,1800,49.0,4.0
47.0,47.0,300.0,7200,110.0,3,0,0,0.4,yosemite_ski_&_snowboard_area,,107.0,0,northern_california,10.0,88.0,,california,7800,1,2.0,5,0,1,600,84.0,0.0
78.0,78.0,350.0,6600,,5,0,0,2.0,dodge_ridge,,140.0,1,sierra_nevada,67.0,862.0,,california,8200,4,5.0,12,0,2,1600,69.0,0.0
75.0,75.0,400.0,7031,163.0,5,0,0,1.5,donner_ski_ranch,,170.0,0,sierra_nevada,52.0,505.0,60.0,california,8012,2,2.0,8,0,1,750,82.0,0.0
149.0,159.0,400.0,7953,243.0,4,9,2,3.0,mammoth_mountain_ski_area,,,1,sierra_nevada,154.0,3500.0,700.0,california,11053,0,7.0,25,3,6,3100,66.0,10.0
49.0,59.0,300.0,5500,140.0,0,0,0,1.1,mt._shasta_ski_park,,130.0,0,sierra_nevada,32.0,425.0,225.0,california,6890,1,2.0,4,0,3,1435,34.0,10.0
84.0,84.0,108.0,6600,118.0,5,2,0,1.6,mountain_high,73.0,150.0,2,sierra_nevada,59.0,290.0,275.0,california,8200,3,1.0,14,0,2,1600,95.0,0.0
69.0,69.0,178.0,6500,175.0,4,0,0,2.5,mt._baldy,,200.0,0,sierra_nevada,26.0,400.0,80.0,california,8600,0,,4,0,0,2100,67.0,0.0
83.0,83.0,300.0,7030,140.0,2,0,0,2.2,ski_china_peak,,144.0,1,sierra_nevada,45.0,1400.0,150.0,california,8709,4,1.0,11,0,4,1679,62.0,0.0
69.0,79.0,160.0,6800,111.0,6,0,0,1.2,snow_valley,164.0,143.0,0,sierra_nevada,28.0,240.0,188.0,california,7841,1,6.0,12,0,5,1041,82.0,10.0
50.0,50.0,400.0,6700,150.0,1,0,0,0.4,soda_springs,,144.0,0,sierra_nevada,18.0,200.0,20.0,california,7352,2,,4,0,1,652,83.0,0.0
125.0,125.0,500.0,6883,151.0,0,5,0,3.0,sugar_bowl_resort,,150.0,3,sierra_nevada,105.0,1650.0,375.0,california,8383,2,3.0,12,1,1,1500,80.0,0.0
69.0,69.0,400.0,6750,150.0,0,0,0,1.0,tahoe_donner,,144.0,1,sierra_nevada,14.0,120.0,,california,7350,3,2.0,5,0,1,600,48.0,0.0
85.0,85.0,350.0,10780,230.0,2,1,0,1.5,arapahoe_basin_ski_area,,233.0,2,colorado,145.0,1428.0,125.0,colorado,13050,3,3.0,9,0,1,2530,73.0,0.0
179.0,179.0,300.0,8104,138.0,5,15,1,5.3,aspen_/_snowmass,,138.0,4,colorado,336.0,5517.0,658.0,colorado,12510,9,10.0,40,3,3,4406,72.0,0.0
158.0,158.0,300.0,9712,164.0,4,4,2,1.7,copper_mountain_resort,,164.0,0,colorado,150.0,2527.0,364.0,colorado,12313,9,6.0,24,1,4,2738,47.0,0.0
89.0,89.0,260.0,8793,130.0,3,2,1,1.3,purgatory,,130.0,0,colorado,101.0,1605.0,250.0,colorado,10822,3,9.0,12,0,3,2029,54.0,0.0
25.0,25.0,150.0,6696,100.0,1,0,0,6.0,howelsen_hill,10.0,100.0,0,colorado,17.0,50.0,25.0,colorado,7136,3,1.0,4,0,0,440,104.0,0.0
79.0,79.0,422.0,10800,205.0,2,1,0,2.0,loveland,,184.0,3,colorado,94.0,1800.0,240.0,colorado,13010,1,1.0,10,0,3,2210,82.0,0.0
89.0,89.0,350.0,10790,143.0,4,0,0,1.0,monarch_mountain,,136.0,1,colorado,64.0,800.0,,colorado,11952,2,2.0,7,0,0,1162,80.0,0.0
71.0,71.0,250.0,8200,111.0,2,1,0,1.5,powderhorn,,110.0,0,colorado,42.0,1600.0,42.0,colorado,9850,2,2.0,5,0,0,1650,53.0,0.0
79.0,79.0,400.0,10400,175.0,1,0,0,1.5,silverton_mountain,,181.0,0,colorado,,1819.0,,colorado,13487,0,,1,0,0,3087,17.0,0.0
56.0,56.0,260.0,10500,130.0,1,0,0,1.0,cooper,,130.0,0,colorado,41.0,400.0,,colorado,11700,2,1.0,4,0,1,1200,74.0,0.0
84.0,84.0,220.0,8202,116.0,1,2,0,0.6,ski_granby_ranch,100.0,92.0,0,colorado,40.0,406.0,170.0,colorado,9202,1,1.0,5,0,1,1000,36.0,0.0
65.0,65.0,250.0,7885,100.0,2,0,0,2.5,sunlight_mountain_resort,,135.0,0,colorado,67.0,680.0,30.0,colorado,9895,0,1.0,3,0,1,2010,53.0,0.0
139.0,139.0,280.0,8725,131.0,2,6,0,4.6,telluride,,137.0,1,colorado,148.0,2000.0,220.0,colorado,13150,4,3.0,17,2,2,4425,47.0,0.0
72.0,72.0,430.0,10300,130.0,1,3,0,2.0,wolf_creek_ski_area,,150.0,1,colorado,120.0,1600.0,5.0,colorado,11904,3,,10,0,2,1604,80.0,0.0
30.0,65.0,92.0,950,,0,0,0,1.5,mohawk_mountain,64.0,110.0,0,connecticut,25.0,107.0,100.0,connecticut,1600,3,,8,0,5,650,72.0,35.0
60.0,60.0,80.0,100,63.0,2,0,0,0.3,mount_southington_ski_area,51.0,95.0,0,connecticut,14.0,51.0,51.0,connecticut,525,3,2.0,7,0,2,425,55.0,0.0
45.0,55.0,80.0,170,80.0,2,0,0,0.5,powder_ridge_park,40.0,100.0,0,connecticut,19.0,80.0,68.0,connecticut,720,2,4.0,5,0,1,550,60.0,10.0
62.0,62.0,45.0,450,84.0,0,0,0,1.0,ski_sundown,66.0,95.0,0,connecticut,16.0,70.0,70.0,connecticut,1075,2,2.0,5,0,3,625,50.0,0.0
42.0,42.0,70.0,430,126.0,1,0,0,0.2,woodbury_ski_area,35.0,180.0,0,connecticut,12.0,50.0,50.0,connecticut,730,4,2.0,5,0,0,300,57.0,0.0
64.0,64.0,250.0,5800,134.0,3,3,0,1.5,bogus_basin,165.0,130.0,0,idaho,91.0,2600.0,,idaho,7582,4,3.0,11,0,1,1800,77.0,0.0
70.0,70.0,320.0,5840,126.0,0,1,0,3.2,brundage_mountain_resort,,,0,idaho,51.0,1920.0,2.0,idaho,7640,1,2.0,6,0,4,1800,58.0,0.0
44.0,47.0,400.0,4500,113.0,3,0,0,1.5,lookout_pass_ski_area,,140.0,0,idaho,35.0,540.0,,idaho,5650,0,2.0,4,0,1,1150,84.0,3.0
32.0,32.0,180.0,6500,65.0,1,0,0,1.5,magic_mountain_ski_area,,70.0,0,idaho,11.0,280.0,,idaho,7200,2,,3,0,0,700,81.0,0.0
47.0,47.0,250.0,6360,85.0,0,0,0,1.3,pebble_creek_ski_area,30.0,91.0,0,idaho,54.0,1100.0,30.0,idaho,8560,0,2.0,3,0,3,2200,70.0,0.0
81.0,81.0,300.0,4000,136.0,3,2,1,2.1,schweitzer,100.0,,0,idaho,92.0,2900.0,47.0,idaho,6400,2,3.0,9,0,1,2400,56.0,0.0
57.0,62.0,300.0,4100,130.0,2,0,0,2.5,silver_mountain,20.0,193.0,1,idaho,80.0,1600.0,225.0,idaho,6300,1,2.0,7,1,2,2200,29.0,5.0
43.0,43.0,,5800,60.0,2,0,0,0.4,soldier_mountain_ski_area,,,0,idaho,36.0,1142.0,,idaho,7200,1,,3,0,0,1400,71.0,0.0
71.0,71.0,300.0,4900,,0,2,0,1.5,tamarack_resort,,150.0,2,idaho,48.0,1020.0,200.0,idaho,7700,2,3.0,6,0,0,2800,15.0,0.0
40.0,55.0,50.0,565,87.0,0,0,0,0.2,chestnut_mountain_resort,139.0,112.0,2,illinois,22.0,139.0,139.0,illinois,1040,3,3.0,9,0,4,475,60.0,15.0
25.0,35.0,38.0,528,56.0,2,0,0,0.8,ski_snowstar_winter_sports_park,28.0,86.0,2,illinois,15.0,28.0,28.0,illinois,790,2,1.0,6,0,0,262,38.0,10.0
40.0,40.0,25.0,320,,0,0,0,0.1,villa_olivia,15.0,70.0,1,illinois,7.0,15.0,15.0,illinois,500,6,1.0,7,0,0,180,53.0,0.0
38.0,45.0,18.0,600,75.0,1,1,0,0.4,paoli_peaks,65.0,80.0,1,indiana,15.0,65.0,65.0,indiana,900,2,2.0,8,0,3,300,41.0,7.0
52.0,52.0,24.0,400,82.0,0,0,0,1.0,perfect_north_slopes,100.0,90.0,2,indiana,23.0,100.0,100.0,indiana,800,6,2.0,11,0,3,400,39.0,0.0
29.0,39.0,30.0,1200,,1,0,0,0.2,mt._crescent_ski_area,50.0,,1,iowa,11.0,50.0,50.0,iowa,1500,0,1.0,2,0,0,300,58.0,10.0
40.0,40.0,40.0,800,100.0,0,0,0,1.0,seven_oaks,35.0,100.0,0,iowa,11.0,35.0,35.0,iowa,975,2,2.0,4,0,2,275,22.0,0.0
38.0,46.0,45.0,584,,2,0,0,0.6,sundown_mountain,55.0,,1,iowa,21.0,55.0,55.0,iowa,1059,2,2.0,6,0,1,475,46.0,8.0
30.0,30.0,,1750,67.0,0,0,0,0.8,big_squaw_mountain_ski_resort,,58.0,0,maine,29.0,,,maine,3200,0,,1,0,1,660,6.0,0.0
33.0,43.0,69.0,150,68.0,1,0,0,1.0,camden_snow_bowl,48.0,70.0,0,maine,26.0,100.0,48.0,maine,1080,1,2.0,3,0,1,850,83.0,10.0
29.0,55.0,50.0,255,87.0,2,0,0,0.3,lost_valley,45.0,104.0,0,maine,22.0,45.0,45.0,maine,495,2,2.0,4,0,0,240,58.0,26.0
29.0,49.0,125.0,1050,120.0,2,0,0,0.5,mt._abram_ski_resort,,120.0,0,maine,54.0,640.0,175.0,maine,2250,3,1.0,5,0,0,1150,59.0,20.0
32.0,32.0,90.0,100,102.0,1,0,0,1.9,new_hermon_mountain,45.0,117.0,0,maine,20.0,70.0,70.0,maine,450,2,,3,0,0,350,55.0,0.0
55.0,75.0,110.0,600,97.0,1,0,0,0.8,shawnee_peak,110.0,103.0,1,maine,43.0,239.0,234.0,maine,1900,2,3.0,6,0,2,1350,81.0,20.0
99.0,99.0,200.0,1417,159.0,5,2,0,3.5,sugarloaf,,155.0,3,maine,162.0,1240.0,618.0,maine,4237,2,4.0,13,0,1,2820,68.0,0.0
105.0,105.0,167.0,800,165.0,1,4,0,3.0,sunday_river,140.0,169.0,5,maine,135.0,870.0,552.0,maine,3140,1,5.0,15,1,3,2340,60.0,0.0
59.0,79.0,100.0,2415,121.0,0,0,0,1.5,wisp,118.0,120.0,2,maryland,34.0,172.0,118.0,maryland,3115,5,3.0,12,0,5,700,64.0,20.0
48.0,68.0,120.0,540,120.0,1,0,0,2.0,berkshire_east,80.0,120.0,2,massachusetts,47.0,180.0,165.0,massachusetts,1720,2,2.0,6,0,1,1180,68.0,20.0
20.0,45.0,50.0,1035,,3,0,0,0.5,blandford_ski_area,70.0,,0,massachusetts,29.0,132.0,70.0,massachusetts,1685,2,2.0,5,0,0,465,83.0,25.0
40.0,45.0,,326,,1,0,0,,blue_hills_ski_area,,,0,massachusetts,16.0,60.0,60.0,massachusetts,635,3,1.0,4,0,0,309,19.0,5.0
25.0,49.0,83.0,1125,,3,0,0,1.0,bousquet_ski_area,100.0,,0,massachusetts,23.0,200.0,98.0,massachusetts,1875,2,1.0,5,0,0,750,19.0,24.0
37.0,55.0,,1300,,0,0,0,0.3,bradford_ski_area,,,0,massachusetts,15.0,48.0,48.0,massachusetts,1548,8,1.0,10,0,2,248,71.0,18.0
81.0,81.0,90.0,1230,121.0,1,0,1,2.0,jiminy_peak,104.0,120.0,2,massachusetts,45.0,167.0,163.0,massachusetts,2380,2,3.0,9,0,3,1150,71.0,0.0
48.0,58.0,55.0,200,112.0,1,0,0,0.5,nashoba_valley,52.0,126.0,0,massachusetts,17.0,52.0,52.0,massachusetts,440,7,2.0,11,0,3,240,55.0,10.0
20.0,40.0,70.0,1300,106.0,1,0,0,1.0,otis_ridge_ski_area,35.0,106.0,0,massachusetts,11.0,60.0,55.0,massachusetts,1700,3,1.0,4,0,0,400,73.0,20.0
25.0,60.0,115.0,800,107.0,1,0,0,1.5,ski_butternut,,110.0,3,massachusetts,22.0,110.0,110.0,massachusetts,1800,6,2.0,11,0,1,1000,56.0,35.0
65.0,71.0,100.0,1006,,0,3,0,1.5,wachusett_mountain_ski_area,104.0,120.0,0,massachusetts,27.0,112.0,112.0,massachusetts,2006,4,2.0,8,0,1,1000,57.0,6.0
39.0,47.0,20.0,126,,5,0,0,0.2,alpine_valley_ski_area,100.0,,1,michigan,25.0,100.0,100.0,michigan,500,6,3.0,14,0,2,240,57.0,8.0
35.0,35.0,52.0,600,,0,0,0,,apple_mountain,80.0,,1,michigan,12.0,80.0,42.0,michigan,820,5,,6,0,0,220,58.0,0.0
69.0,69.0,214.0,1200,100.0,9,0,0,1.0,big_powderhorn_mountain,,108.0,0,michigan,45.0,253.0,228.0,michigan,1800,1,2.0,10,0,0,600,55.0,0.0
38.0,48.0,90.0,450,80.0,0,0,0,0.2,bittersweet_ski_area,100.0,,1,michigan,20.0,100.0,100.0,michigan,850,4,2.0,12,0,7,350,36.0,10.0
49.0,65.0,210.0,385,95.0,4,0,0,1.0,big_snow_resort_-_blackjack,,115.0,0,michigan,26.0,170.0,86.0,michigan,850,2,2.0,6,0,0,465,42.0,16.0
78.0,98.0,140.0,745,97.0,0,1,0,1.2,boyne_highlands,150.0,120.0,3,michigan,55.0,435.0,400.0,michigan,1290,2,4.0,10,0,4,552,56.0,20.0
39.0,49.0,140.0,1060,118.0,1,0,0,1.2,caberfae_peaks,150.0,130.0,1,michigan,34.0,200.0,200.0,michigan,1569,1,2.0,5,0,2,485,82.0,10.0
30.0,37.0,100.0,850,100.0,1,0,0,0.1,cannonsburg,,100.0,1,michigan,21.0,100.0,,michigan,1100,7,5.0,10,0,1,250,54.0,7.0
54.0,64.0,132.0,757,120.0,0,1,0,0.3,crystal_mountain,56.0,135.0,3,michigan,58.0,102.0,96.0,michigan,1132,2,3.0,8,0,2,375,63.0,10.0
49.0,49.0,204.0,1297,120.0,5,0,0,1.0,big_snow_resort_-_indianhead_mountain,,120.0,1,michigan,32.0,240.0,150.0,michigan,1935,2,2.0,9,0,1,638,60.0,0.0
49.0,49.0,275.0,700,114.0,2,0,0,0.8,mont_ripley,100.0,100.0,0,michigan,25.0,112.0,112.0,michigan,1140,2,2.0,4,0,0,440,83.0,0.0
68.0,68.0,273.0,600,83.0,1,0,0,2.3,mount_bohemia,,100.0,0,michigan,,585.0,,michigan,1500,0,,2,0,1,900,19.0,0.0
52.0,59.0,60.0,1100,111.0,0,0,0,0.1,mt._brighton,130.0,100.0,2,michigan,25.0,130.0,130.0,michigan,1330,8,5.0,13,0,3,230,59.0,7.0
22.0,34.0,120.0,240,100.0,2,0,0,0.1,mt._holiday_ski_area,45.0,90.0,0,michigan,12.0,45.0,45.0,michigan,440,2,,4,0,0,200,70.0,12.0
37.0,45.0,42.0,755,,1,1,0,0.1,mount_holly,100.0,102.0,2,michigan,19.0,100.0,100.0,michigan,1105,6,,13,0,3,350,63.0,8.0
15.0,20.0,60.0,570,,0,0,0,0.2,mulligan's_hollow_ski_bowl,10.0,,0,michigan,6.0,10.0,10.0,michigan,700,5,,5,0,0,130,19.0,5.0
65.0,85.0,135.0,911,133.0,2,0,0,0.9,nubs_nob_ski_area,160.0,130.0,3,michigan,53.0,248.0,248.0,michigan,1338,1,3.0,10,0,4,427,61.0,20.0
58.0,78.0,160.0,675,94.0,0,0,0,1.0,schuss_mountain_at_shanty_creek,70.0,111.0,5,michigan,42.0,70.0,70.0,michigan,1125,3,3.0,8,0,0,450,57.0,20.0
49.0,49.0,150.0,1360,164.0,5,0,0,1.0,ski_brule,40.0,165.0,0,michigan,17.0,150.0,150.0,michigan,1860,7,3.0,12,0,0,500,62.0,0.0
30.0,35.0,,1020,,0,0,0,0.0,snow_snake_mountain_ski_area,40.0,,0,michigan,12.0,40.0,40.0,michigan,1230,5,2.0,6,0,1,210,72.0,5.0
32.0,42.0,60.0,975,89.0,0,0,0,0.1,swiss_valley,60.0,80.0,2,michigan,11.0,60.0,60.0,michigan,1200,4,2.0,7,0,1,225,51.0,10.0
50.0,50.0,150.0,580,47.0,1,0,0,0.2,the_homestead,16.0,42.0,0,michigan,15.0,16.0,16.0,michigan,900,2,1.0,5,0,2,320,34.0,0.0
35.0,45.0,,600,80.0,2,0,0,0.3,timber_ridge,50.0,,1,michigan,16.0,50.0,50.0,michigan,850,4,2.0,8,0,1,250,58.0,10.0
55.0,60.0,60.0,1180,135.0,14,0,0,0.5,afton_alps,250.0,135.0,1,minnesota,48.0,250.0,250.0,minnesota,1530,4,5.0,22,0,3,350,56.0,5.0
45.0,45.0,55.0,1330,100.0,0,0,0,0.2,andes_tower_hills_ski_area,35.0,110.0,1,minnesota,15.0,35.0,35.0,minnesota,1620,3,2.0,6,0,2,290,38.0,0.0
34.0,47.0,60.0,919,115.0,0,0,0,0.2,buck_hill,45.0,112.0,2,minnesota,16.0,45.0,45.0,minnesota,1225,5,,8,0,1,309,65.0,13.0
44.0,44.0,78.0,1280,57.0,2,0,0,0.3,buena_vista_ski_area,30.0,60.0,0,minnesota,17.0,30.0,30.0,minnesota,1510,2,,6,0,2,230,70.0,0.0
23.0,37.0,48.0,725,57.0,2,0,0,1.0,coffee_mill_ski_&_snowboard_resort,35.0,56.0,0,minnesota,14.0,40.0,35.0,minnesota,1150,1,1.0,3,0,0,425,39.0,14.0
17.0,17.0,45.0,868,105.0,0,0,0,1.0,elm_creek_winter_recreation_area,15.0,102.0,0,minnesota,3.0,15.0,20.0,minnesota,928,3,,3,0,0,60,13.0,0.0
49.0,58.0,85.0,1472,120.0,2,1,0,0.8,giants_ridge_resort,121.0,125.0,1,minnesota,35.0,202.0,202.0,minnesota,1972,2,2.0,7,0,1,500,35.0,9.0
35.34,35.34,55.0,900,110.0,0,0,0,1.0,hyland_ski_&_snowboard_area,35.0,115.0,2,minnesota,14.0,35.0,35.0,minnesota,1075,5,1.0,8,0,1,175,61.0,0.0
84.0,84.0,120.0,800,135.0,4,0,1,2.0,lutsen_mountains,,127.0,0,minnesota,62.0,393.0,231.0,minnesota,1688,1,2.0,8,1,1,825,71.0,0.0
34.0,46.0,50.0,300,115.0,3,0,0,1.0,mount_kato_ski_area,50.0,120.0,5,minnesota,19.0,55.0,55.0,minnesota,540,2,4.0,10,0,0,240,43.0,12.0
36.0,48.0,45.0,500,97.0,2,0,0,,powder_ridge_ski_area,60.0,113.0,1,minnesota,15.0,60.0,60.0,minnesota,790,3,4.0,6,0,0,300,58.0,12.0
59.0,59.0,100.0,620,100.0,1,1,0,1.0,spirit_mountain,144.0,125.0,1,minnesota,22.0,175.0,175.0,minnesota,1320,2,3.0,7,0,2,700,45.0,0.0
54.0,60.0,45.0,700,114.0,4,0,0,0.8,welch_village,100.0,122.0,3,minnesota,50.0,125.0,125.0,minnesota,1060,2,1.0,10,0,1,360,54.0,6.0
55.0,55.0,50.0,813,130.0,0,0,0,0.9,wild_mountain_ski_&_snowboard_area,100.0,140.0,4,minnesota,26.0,100.0,100.0,minnesota,1113,4,4.0,8,0,0,300,47.0,0.0
49.0,49.0,26.0,2316,,0,0,0,0.1,hidden_valley_ski_area,17.0,,2,missouri,17.0,30.0,30.0,missouri,2566,3,,7,0,2,310,37.0,0.0
37.0,47.0,20.0,800,69.0,1,0,0,0.3,snow_creek,30.0,85.0,0,missouri,14.0,30.0,30.0,missouri,1100,2,2.0,5,0,2,300,33.0,10.0
42.0,42.0,250.0,5236,,2,0,0,0.7,blacktail_mountain_ski_area,,,0,montana,27.0,1000.0,,montana,6676,1,,4,0,1,1440,21.0,0.0
63.0,63.0,350.0,6100,122.0,1,0,0,1.5,bridger_bowl,,133.0,1,montana,105.0,2000.0,100.0,montana,8700,3,2.0,11,0,6,2600,64.0,0.0
49.0,49.0,225.0,5770,116.0,2,0,0,1.5,discovery_ski_area,,116.0,0,montana,74.0,2400.0,25.0,montana,8150,1,1.0,8,0,5,2380,46.0,0.0
48.0,48.0,180.0,5750,94.0,5,0,0,3.0,great_divide,100.0,100.0,0,montana,110.0,1600.0,150.0,montana,7330,1,6.0,6,0,0,1580,78.0,0.0
46.0,46.0,325.0,6400,84.0,5,0,0,2.5,lost_trail_-_powder_mtn,,80.0,0,montana,69.0,1800.0,,montana,8200,3,2.0,8,0,0,1800,81.0,0.0
39.0,39.0,160.0,6500,,1,0,0,1.3,maverick_mountain,,,0,montana,22.0,255.0,,montana,8520,1,,2,0,0,2020,83.0,0.0
50.0,50.0,300.0,5000,,2,0,0,1.2,montana_snowbowl,10.0,,0,montana,37.0,950.0,20.0,montana,7600,2,,4,0,0,2600,58.0,0.0
67.0,67.0,250.0,7016,142.0,3,2,0,2.5,red_lodge_mountain,,136.0,0,montana,70.0,1635.0,496.0,montana,9416,1,2.0,7,0,1,2400,59.0,0.0
47.0,47.0,250.0,6800,86.0,2,0,0,1.8,showdown_montana,,85.0,0,montana,36.0,640.0,,montana,8200,1,1.0,4,0,1,1400,83.0,0.0
39.0,39.0,250.0,6190,40.0,1,0,0,3.0,teton_pass_ski_resort,,150.0,0,montana,43.0,330.0,,montana,7200,2,1.0,3,0,0,1010,54.0,0.0
81.0,81.0,333.0,4464,123.0,0,3,0,3.3,big_mountain_resort,600.0,123.0,2,montana,105.0,3000.0,600.0,montana,6817,3,4.0,14,0,6,2353,72.0,0.0
89.0,99.0,300.0,6700,100.0,3,1,0,2.5,diamond_peak,,122.0,2,sierra_nevada,30.0,655.0,492.0,nevada,8540,1,3.0,7,0,0,1840,53.0,10.0
20.0,20.0,24.0,6300,19.0,1,0,0,1.0,elko_snobowl,,30.0,0,nevada,10.0,60.0,2.0,nevada,7000,1,,2,0,0,700,23.0,0.0
70.0,70.0,161.0,8510,144.0,0,0,0,0.3,lee_canyon,,150.0,2,nevada,24.0,195.0,50.0,nevada,11289,0,1.0,3,0,1,860,56.0,0.0
135.0,135.0,350.0,8260,152.0,0,0,2,2.5,mt._rose_-_ski_tahoe,,150.0,2,sierra_nevada,65.0,1200.0,330.0,nevada,9700,2,5.0,8,0,2,1800,55.0,0.0
79.0,89.0,120.0,600,115.0,2,2,0,3.0,attitash,,130.0,1,new_hampshire,68.0,311.0,240.0,new_hampshire,2350,1,3.0,9,0,3,1750,54.0,10.0
45.0,59.0,125.0,1250,110.0,1,0,0,1.6,black_mountain,,107.0,0,new_hampshire,45.0,143.0,120.0,new_hampshire,2350,3,,5,0,1,1100,84.0,14.0
85.0,99.0,200.0,1600,180.0,0,4,0,2.0,bretton_woods,45.0,180.0,1,new_hampshire,63.0,464.0,427.0,new_hampshire,3100,3,2.0,9,0,1,1500,46.0,14.0
79.0,79.0,160.0,1900,124.0,1,1,0,2.3,cannon_mountain,,143.0,2,new_hampshire,97.0,285.0,192.0,new_hampshire,4080,3,3.0,11,1,3,2180,81.0,0.0
55.0,69.0,105.0,1050,105.0,1,1,0,1.2,crotched_mountain,100.0,100.0,1,new_hampshire,25.0,100.0,100.0,new_hampshire,2066,1,3.0,5,0,1,1016,16.0,14.0
50.0,50.0,100.0,974,104.0,1,0,0,1.1,dartmouth_skiway,,105.0,1,new_hampshire,28.0,107.0,54.0,new_hampshire,1943,2,1.0,4,0,0,969,63.0,0.0
80.0,92.0,120.0,900,106.0,0,1,0,1.5,gunstock,60.0,,2,new_hampshire,55.0,227.0,176.0,new_hampshire,2300,1,4.0,6,0,2,1400,82.0,12.0
42.0,58.0,120.0,500,105.0,0,0,0,0.3,king_pine,23.0,107.0,0,new_hampshire,17.0,48.0,45.0,new_hampshire,850,3,2.0,6,0,3,350,57.0,16.0
83.0,93.0,100.0,1233,130.0,1,2,0,0.8,mount_sunapee,,136.0,1,new_hampshire,66.0,232.0,215.0,new_hampshire,2743,4,4.0,10,0,2,1510,71.0,10.0
58.0,72.0,100.0,690,109.0,2,0,0,1.5,pats_peak,93.0,112.0,0,new_hampshire,28.0,115.0,115.0,new_hampshire,1460,5,3.0,11,0,4,770,56.0,14.0
74.0,84.0,100.0,1000,,0,1,1,0.7,ragged_mountain_resort,,140.0,0,new_hampshire,57.0,250.0,200.0,new_hampshire,2250,3,3.0,6,0,1,1250,54.0,10.0
79.0,93.0,148.0,1984,142.0,3,2,0,1.9,waterville_valley,,142.0,0,new_hampshire,62.0,265.0,220.0,new_hampshire,4004,4,4.0,11,0,2,2020,54.0,14.0
30.0,45.0,110.0,1100,105.0,1,0,0,1.0,whaleback_mountain,55.0,105.0,0,new_hampshire,30.0,85.0,60.0,new_hampshire,1800,3,1.0,4,0,0,700,64.0,15.0
79.0,89.0,200.0,1950,156.0,0,1,0,2.8,wildcat_mountain,,150.0,0,new_hampshire,48.0,225.0,200.0,new_hampshire,4062,1,,5,0,3,2112,61.0,10.0
79.99,79.99,65.0,440,90.0,1,2,0,2.0,mountain_creek_resort,167.0,100.0,2,new_jersey,46.0,167.0,167.0,new_jersey,1480,3,3.0,10,1,1,1040,54.0,0.0
77.0,77.0,210.0,8600,101.0,3,2,0,3.0,angel_fire_resort,50.0,101.0,0,new_mexico,81.0,560.0,230.0,new_mexico,10677,2,3.0,7,0,0,2077,53.0,0.0
20.0,20.0,240.0,9820,130.0,0,0,0,2.5,enchanted_forest_ski_area,,140.0,0,new_mexico,33.0,600.0,,new_mexico,10078,0,,0,0,0,400,34.0,0.0
49.0,49.0,163.0,9031,89.0,3,0,0,0.6,pajarito_mountain_ski_area,,117.0,1,new_mexico,45.0,750.0,35.0,new_mexico,10441,1,2.0,6,0,1,1410,62.0,0.0
79.0,79.0,214.0,8750,110.0,1,0,0,2.5,red_river,,,1,new_mexico,63.0,209.0,,new_mexico,10350,2,3.0,7,0,3,1600,60.0,0.0
55.0,55.0,100.0,8678,32.0,4,0,0,2.0,sandia_peak,,38.0,0,new_mexico,39.0,200.0,30.0,new_mexico,10378,1,1.0,5,0,0,1700,82.0,0.0
47.0,47.0,190.0,8200,127.0,0,0,0,0.5,sipapu_ski_resort,,143.0,1,new_mexico,42.0,200.0,140.0,new_mexico,9255,3,4.0,6,0,2,1055,67.0,0.0
74.0,74.0,185.0,9600,133.0,0,0,0,2.0,ski_apache,,124.0,2,new_mexico,55.0,750.0,270.0,new_mexico,11500,2,3.0,11,1,6,1900,58.0,0.0
80.0,80.0,225.0,10350,107.0,2,0,0,3.0,ski_santa_fe,,130.0,1,new_mexico,83.0,660.0,275.0,new_mexico,12075,2,1.0,7,0,2,1725,73.0,0.0
110.0,110.0,300.0,9200,137.0,1,1,0,5.0,taos_ski_valley,,136.0,3,new_mexico,111.0,1294.0,647.0,new_mexico,12481,4,1.0,14,1,4,3281,64.0,0.0
60.0,72.0,130.0,2025,154.0,2,1,0,2.2,belleayre,,150.0,1,new_york,50.0,175.0,168.0,new_york,3429,2,2.0,8,1,1,1404,70.0,12.0
32.0,32.0,110.0,600,,0,0,0,0.1,brantling_ski_slopes,,,0,new_york,10.0,20.0,16.0,new_york,850,5,,5,0,0,250,19.0,0.0
65.0,76.0,60.0,1000,129.0,1,2,0,2.0,bristol_mountain,154.0,129.0,1,new_york,34.0,160.0,148.0,new_york,2200,1,3.0,6,0,1,1200,55.0,11.0
35.0,50.0,,2025,,2,0,0,,buffalo_ski_club_ski_area,100.0,,0,new_york,43.0,225.0,150.0,new_york,3429,4,1.0,6,0,0,500,12.0,15.0
38.0,69.0,108.0,1000,100.0,2,0,0,2.0,catamount,55.0,90.0,1,new_york,36.0,133.0,130.0,new_york,2000,3,5.0,7,0,1,1000,80.0,31.0
80.0,88.0,150.0,998,142.0,2,2,0,4.5,gore_mountain,15.0,,2,new_york,110.0,439.0,338.0,new_york,3600,4,7.0,14,1,3,2537,55.0,8.0
49.0,63.2,122.0,1148,110.0,4,0,0,1.5,greek_peak,175.0,113.0,1,new_york,56.0,220.0,184.0,new_york,2100,2,4.0,8,0,1,952,62.0,14.200000000000003
27.0,42.0,50.0,1150,75.0,1,0,0,0.4,holiday_mountain,37.0,85.0,1,new_york,9.0,37.0,37.0,new_york,1550,2,,4,0,0,400,60.0,15.0
65.0,78.0,180.0,1500,116.0,0,3,0,1.0,holiday_valley,189.0,129.0,8,new_york,60.0,290.0,266.0,new_york,2250,2,5.0,13,0,0,750,62.0,13.0
62.0,75.0,180.0,1560,110.0,3,1,0,1.5,holimont_ski_area,,119.0,1,new_york,53.0,135.0,135.0,new_york,2260,1,3.0,8,0,2,700,57.0,13.0
48.0,58.0,130.0,1000,,1,0,0,1.0,hunt_hollow_ski_club,400.0,75.0,0,new_york,19.0,400.0,400.0,new_york,2030,1,1.0,3,0,1,825,52.0,10.0
79.0,89.0,120.0,1600,148.0,2,1,2,2.0,hunter_mountain,,155.0,2,new_york,67.0,320.0,320.0,new_york,3200,4,4.0,13,0,2,1600,59.0,10.0
40.0,60.0,120.0,1150,103.0,4,0,0,0.5,kissing_bridge,650.0,100.0,2,new_york,39.0,700.0,550.0,new_york,1700,3,5.0,10,0,1,550,59.0,20.0
59.0,59.0,125.0,1125,,2,0,0,1.0,labrador_mt.,180.0,100.0,0,new_york,23.0,250.0,237.0,new_york,1825,1,1.0,4,0,1,700,62.0,0.0
26.0,38.0,,750,,1,0,0,0.3,maple_ski_ridge,20.0,,0,new_york,10.0,25.0,25.0,new_york,1200,1,,3,0,1,450,57.0,12.0
20.0,30.0,200.0,1563,105.0,1,0,0,0.3,mccauley_mountain_ski_center,,105.0,0,new_york,23.0,70.0,55.0,new_york,2250,4,1.0,5,0,0,633,61.0,10.0
35.0,54.0,50.0,750,100.0,2,0,0,1.0,mount_peter_ski_area,69.0,100.0,1,new_york,14.0,69.0,69.0,new_york,1250,2,1.0,5,0,0,450,83.0,19.0
40.0,40.0,120.0,1750,,0,0,0,1.2,oak_mountain,12.0,,1,new_york,22.0,46.0,18.0,new_york,2400,3,1.0,4,0,0,650,71.0,0.0
49.0,63.0,225.0,1400,110.0,0,0,0,2.4,peek'n_peak,110.0,,0,new_york,27.0,110.0,110.0,new_york,1800,2,4.0,10,0,8,400,55.0,14.0
50.0,67.0,175.0,2400,65.0,1,0,0,2.0,plattekill_mountain,,65.0,0,new_york,38.0,110.0,75.0,new_york,3500,2,1.0,4,0,1,1100,26.0,17.0
45.0,45.0,90.0,1250,,3,0,0,0.3,royal_mountain_ski_area,,,0,new_york,14.0,35.0,28.0,new_york,1800,0,,3,0,0,550,63.0,0.0
38.0,48.0,230.0,1350,73.0,4,0,0,0.8,snow_ridge,40.0,100.0,0,new_york,21.0,130.0,65.0,new_york,2000,2,2.0,6,0,0,650,74.0,10.0
59.0,59.0,125.0,1240,90.0,1,0,0,0.4,song_mountain,70.0,122.0,0,new_york,24.0,93.0,70.0,new_york,1940,3,,5,0,1,700,55.0,0.0
49.0,59.0,120.0,1320,102.0,1,0,0,1.0,swain,80.0,100.0,3,new_york,35.0,130.0,90.0,new_york,1970,1,3.0,5,0,0,650,72.0,10.0
39.0,49.0,150.0,825,101.0,6,0,0,2.0,titus_mountain,70.0,100.0,0,new_york,50.0,200.0,150.0,new_york,2025,2,3.0,10,0,2,1200,59.0,10.0
55.0,55.0,130.0,1300,,1,0,0,0.4,toggenburg_mountain,73.0,122.0,0,new_york,22.0,85.0,,new_york,2000,3,2.0,5,0,1,700,66.0,0.0
49.0,59.0,80.0,460,,2,0,0,0.6,west_mountain,105.0,120.0,0,new_york,29.0,124.0,105.0,new_york,1470,2,1.0,5,0,1,1010,58.0,10.0
96.0,96.0,168.0,1220,122.0,5,1,0,2.1,whiteface_mountain_resort,,141.0,1,new_york,86.0,288.0,220.0,new_york,4650,2,5.0,12,1,2,3430,61.0,0.0
46.0,46.0,80.0,910,85.0,2,0,0,0.4,willard_mountain,35.0,120.0,0,new_york,16.0,50.0,35.0,new_york,1415,3,,5,0,0,505,19.0,0.0
85.0,95.0,105.0,1500,123.0,1,2,1,2.0,windham_mountain,56.0,130.0,0,new_york,54.0,285.0,280.0,new_york,3100,5,6.0,12,0,3,1600,59.0,10.0
31.0,39.0,180.0,900,,2,0,0,0.3,woods_valley_ski_area,15.0,,0,new_york,21.0,25.0,16.0,new_york,1400,4,,6,0,0,500,55.0,8.0
40.0,64.0,50.0,3635,100.0,1,0,0,0.5,appalachian_ski_mountain,27.0,100.0,2,north_carolina,12.0,27.0,27.0,north_carolina,4000,2,3.0,5,0,0,365,57.0,24.0
43.0,70.0,50.0,4660,141.0,1,0,0,1.0,cataloochee_ski_area,50.0,108.0,1,north_carolina,18.0,50.0,50.0,north_carolina,5400,2,2.0,5,0,1,740,58.0,27.0
40.0,43.0,24.0,3200,53.0,0,0,0,1.0,sapphire_valley,8.0,60.0,1,north_carolina,,8.0,8.0,north_carolina,3450,2,1.0,3,0,0,200,55.0,3.0
41.0,68.0,31.0,4675,98.0,3,0,0,1.0,beech_mountain_resort,95.0,,3,north_carolina,17.0,95.0,95.0,north_carolina,5506,2,1.0,8,0,0,830,52.0,27.0
45.0,75.0,77.0,4100,114.0,4,0,1,1.5,sugar_mountain_resort,95.0,120.0,0,north_carolina,21.0,125.0,125.0,north_carolina,5300,2,1.0,8,0,1,1200,50.0,30.0
42.0,65.0,65.0,4000,,1,0,0,0.6,wolf_ridge_ski_resort,60.0,100.0,1,north_carolina,15.0,65.0,65.0,north_carolina,4700,2,1.0,4,0,0,720,49.0,23.0
43.0,43.0,120.0,1260,105.0,1,0,0,0.2,alpine_valley,72.0,,1,ohio,11.0,72.0,72.0,ohio,1500,1,1.0,5,0,2,230,53.0,0.0
44.0,44.0,51.0,631,92.0,2,0,0,0.3,boston_mills,40.0,110.0,0,ohio,7.0,40.0,40.0,ohio,871,2,2.0,8,0,4,264,56.0,0.0
44.0,44.0,51.0,631,92.0,2,0,0,0.3,brandywine,85.0,110.0,2,ohio,11.0,85.0,85.0,ohio,871,5,2.0,16,0,7,240,56.0,0.0
39.0,44.0,36.0,1160,99.0,3,0,0,0.5,mad_river_mountain,144.0,90.0,1,ohio,20.0,144.0,144.0,ohio,1460,6,4.0,12,0,2,300,57.0,5.0
41.0,52.0,50.0,1174,101.0,2,0,0,0.2,snow_trails,80.0,70.0,0,ohio,17.0,80.0,80.0,ohio,1475,3,3.0,9,0,4,301,58.0,11.0
40.0,40.0,300.0,7100,75.0,0,0,0,1.5,anthony_lakes_mountain_resort,,80.0,0,oregon,21.0,1100.0,,oregon,8000,2,2.0,3,0,1,900,56.0,0.0
39.0,39.0,100.0,3500,78.0,1,0,0,0.1,cooper_spur,,90.0,0,mt._hood,10.0,50.0,,oregon,4000,1,,2,0,0,350,66.0,0.0
59.0,59.0,350.0,4668,80.0,1,0,0,0.4,hoodoo_ski_area,200.0,108.0,3,oregon,34.0,806.0,,oregon,5703,0,,5,0,1,1035,81.0,0.0
45.0,52.0,300.0,6383,94.0,2,0,0,1.0,mt._ashland,40.0,92.0,0,oregon,23.0,220.0,,oregon,7533,1,2.0,5,0,2,1150,55.0,7.0
99.0,99.0,462.0,5700,185.0,0,8,0,4.0,mt._bachelor,,185.0,0,oregon,101.0,4318.0,20.0,oregon,9065,0,5.0,11,0,3,3365,61.0,0.0
70.0,70.0,300.0,3600,125.0,4,0,0,3.0,mt._hood_skibowl,317.0,144.0,0,mt._hood,65.0,960.0,29.0,oregon,5100,5,2.0,9,0,0,1500,82.0,0.0
60.0,60.0,430.0,5120,3.0,0,0,1,2.1,willamette_pass,,100.0,0,oregon,29.0,555.0,60.0,oregon,6683,1,,5,0,3,1563,78.0,0.0
50.0,60.0,30.0,600,91.0,0,0,0,1.0,bear_creek_mountain_resort,86.0,90.0,3,pennsylvania,23.0,86.0,86.0,pennsylvania,1100,2,3.0,6,0,1,510,52.0,10.0
50.0,62.0,69.0,600,75.0,4,0,0,1.5,ski_big_bear,26.0,75.0,0,pennsylvania,18.0,26.0,26.0,pennsylvania,1250,2,1.0,6,0,0,650,43.0,12.0
50.0,65.0,50.0,1700,76.0,5,0,0,,big_boulder,55.0,95.0,0,pennsylvania,16.0,55.0,55.0,pennsylvania,2175,1,8.0,8,0,2,600,72.0,15.0
43.0,68.0,120.0,2074,87.0,2,0,0,2.0,blue_knob,42.0,105.0,0,pennsylvania,34.0,100.0,84.0,pennsylvania,3146,2,1.0,6,0,2,1072,56.0,25.0
55.0,65.0,33.0,460,122.0,3,1,1,1.2,blue_mountain_resort,164.0,112.0,1,pennsylvania,39.0,164.0,164.0,pennsylvania,1600,9,5.0,16,0,1,1082,42.0,10.0
55.0,70.0,50.0,1250,100.0,5,2,0,1.0,camelback_mountain_resort,160.0,100.0,0,pennsylvania,37.0,166.0,166.0,pennsylvania,2100,6,5.0,16,0,3,800,56.0,15.0
55.0,69.0,60.0,1693,,5,0,0,0.7,elk_mountain_ski_resort,90.0,100.0,1,pennsylvania,27.0,180.0,146.0,pennsylvania,2693,1,2.0,7,0,0,1000,60.0,14.0
50.0,65.0,50.0,1400,96.0,5,0,0,1.0,jack_frost,,105.0,1,pennsylvania,20.0,100.0,100.0,pennsylvania,2000,1,1.0,9,0,2,600,47.0,15.0
67.0,77.0,31.0,570,107.0,0,0,0,1.0,liberty,100.0,97.0,5,pennsylvania,16.0,100.0,100.0,pennsylvania,1190,3,3.0,8,0,0,620,54.0,10.0
30.0,33.0,100.0,1200,75.0,0,0,0,0.5,mount_pleasant_of_edinboro,35.0,90.0,0,pennsylvania,10.0,40.0,35.0,pennsylvania,1540,1,,2,0,1,340,48.0,3.0
63.0,73.0,30.0,800,,0,0,0,0.4,roundtop_mountain_resort,100.0,,3,pennsylvania,20.0,103.0,103.0,pennsylvania,1400,3,2.0,8,0,2,600,55.0,10.0
67.0,87.0,135.0,2240,99.0,0,0,2,1.2,seven_springs,200.0,115.0,3,pennsylvania,33.0,285.0,285.0,pennsylvania,2994,4,7.0,14,0,5,750,87.0,20.0
55.0,65.0,50.0,650,100.0,4,1,0,1.6,shawnee_mountain_ski_area,120.0,122.0,1,pennsylvania,23.0,125.0,125.0,pennsylvania,1350,4,2.0,10,0,0,700,44.0,10.0
30.0,44.0,24.0,1700,,1,0,0,0.1,ski_sawmill,15.0,90.0,0,pennsylvania,14.0,15.0,13.0,pennsylvania,2215,3,1.0,5,0,1,515,50.0,14.0
40.0,45.0,41.0,1230,100.0,1,0,0,0.3,tussey_mountain,30.0,100.0,1,pennsylvania,8.0,38.0,30.0,pennsylvania,1750,3,1.0,5,0,0,520,39.0,5.0
69.0,71.0,40.0,865,116.0,2,1,0,1.0,whitetail_resort,120.0,100.0,3,pennsylvania,23.0,120.0,120.0,pennsylvania,1800,2,2.0,8,0,0,935,28.0,2.0
45.0,45.0,200.0,6040,69.0,1,0,0,1.6,deer_mountain_ski_resort,,81.0,0,south_dakota,63.0,500.0,50.0,south_dakota,6850,2,2.0,4,0,1,940,51.0,0.0
58.0,58.0,150.0,5900,114.0,0,3,0,1.2,terry_peak_ski_area,,120.0,0,south_dakota,30.0,450.0,225.0,south_dakota,7100,1,1.0,5,0,1,1100,65.0,0.0
36.0,65.0,35.0,2700,83.0,1,0,0,1.0,ober_gatlinburg_ski_resort,,94.0,2,tennessee,10.0,,,tennessee,3300,1,1.0,4,0,0,600,44.0,29.0
116.0,116.0,545.0,8530,150.0,2,3,0,1.3,alta_ski_area,,140.0,0,salt_lake_city,116.0,2614.0,140.0,utah,11068,0,,6,0,1,2538,81.0,0.0
50.0,50.0,400.0,7232,120.0,3,0,0,0.8,beaver_mountain,,120.0,0,utah,48.0,464.0,,utah,8600,1,2.0,5,0,1,1600,81.0,0.0
42.0,59.0,360.0,9600,149.0,1,1,0,0.6,brian_head_resort,,148.0,0,utah,71.0,650.0,216.0,utah,10970,0,2.0,8,0,6,1548,54.0,17.0
85.0,85.0,500.0,8755,138.0,0,3,0,1.2,brighton_resort,200.0,138.0,1,salt_lake_city,66.0,1050.0,200.0,utah,10500,2,4.0,7,0,1,1745,83.0,0.0
169.0,169.0,300.0,6570,,2,13,0,2.8,deer_valley_resort,,,0,salt_lake_city,103.0,2026.0,660.0,utah,9570,0,,21,1,5,3000,39.0,0.0
45.0,60.0,400.0,9100,,2,0,0,0.9,eagle_point,,109.0,1,utah,40.0,650.0,,utah,10600,1,1.0,5,0,1,1500,9.0,15.0
88.0,88.0,500.0,6900,120.0,0,1,0,3.5,powder_mountain,300.0,146.0,4,utah,167.0,8464.0,,utah,9422,3,2.0,9,0,1,2522,47.0,0.0
115.0,115.0,300.0,6450,143.0,0,2,1,3.5,snowbasin,,138.0,0,utah,107.0,3000.0,625.0,utah,9350,2,4.0,11,3,3,2900,79.0,0.0
125.0,125.0,500.0,7760,188.0,4,6,0,2.5,snowbird,2.0,180.0,0,salt_lake_city,170.0,2500.0,,utah,11000,3,1.0,14,1,0,3240,48.0,0.0
109.0,119.0,500.0,7994,161.0,1,4,0,3.0,solitude_mountain_resort,,148.0,2,salt_lake_city,80.0,1200.0,150.0,utah,10488,1,,9,0,1,2494,62.0,10.0
80.0,80.0,320.0,6100,128.0,0,0,0,0.6,sundance,,129.0,2,utah,45.0,450.0,112.0,utah,8250,1,1.0,5,0,2,2150,50.0,0.0
45.0,50.0,300.0,5440,105.0,2,0,0,0.4,nordic_valley_resort,140.0,105.0,0,utah,23.0,140.0,84.0,utah,6400,2,1.0,4,0,0,960,51.0,5.0
69.0,79.0,300.0,1446,133.0,3,0,0,0.6,bolton_valley,50.0,132.0,2,vermont,71.0,300.0,90.0,vermont,3150,1,3.0,6,0,0,1704,53.0,10.0
87.0,91.0,168.0,1950,,4,1,0,2.5,bromley_mountain,,152.0,1,vermont,47.0,178.0,153.0,vermont,3284,3,1.0,9,0,0,1334,83.0,4.0
73.0,73.0,217.0,1210,110.0,0,2,0,2.2,burke_mountain,,125.0,1,vermont,50.0,178.0,125.0,vermont,3267,3,3.0,6,0,0,2011,62.0,0.0
89.0,89.0,349.0,1815,155.0,1,1,0,3.0,jay_peak,,160.0,3,vermont,79.0,385.0,300.0,vermont,3968,2,2.0,9,1,1,2153,64.0,0.0
119.0,119.0,250.0,1165,192.0,1,5,1,6.0,killington_resort,,,4,vermont,155.0,1515.0,600.0,vermont,4241,5,6.0,22,3,3,3050,61.0,0.0
74.0,74.0,150.0,1350,76.0,3,0,0,1.6,magic_mountain,,80.0,0,vermont,50.0,205.0,95.0,vermont,2850,3,1.0,6,0,0,1500,59.0,0.0
81.0,81.0,250.0,2000,,2,2,0,4.0,pico_mountain,,,0,vermont,59.0,260.0,156.0,vermont,3967,1,1.0,7,0,2,1967,82.0,0.0
79.0,79.0,280.0,1030,136.0,6,0,0,3.0,smugglers'_notch_resort,,135.0,0,vermont,78.0,1000.0,192.0,vermont,3640,2,6.0,8,0,0,2610,63.0,0.0
119.0,119.0,250.0,1483,150.0,1,5,0,3.0,sugarbush,,156.0,5,vermont,111.0,581.0,406.0,vermont,4083,3,4.0,16,0,2,2600,61.0,0.0
45.0,75.0,90.0,550,100.0,2,0,0,0.4,suicide_six,,106.0,0,vermont,24.0,100.0,50.0,vermont,1200,1,,3,0,0,650,85.0,30.0
43.0,68.0,30.0,1250,100.0,1,0,0,0.4,bryce_resort,20.0,95.0,1,virginia,8.0,25.0,25.0,virginia,1750,5,,7,0,0,500,54.0,25.0
62.0,62.0,301.0,3932,101.0,5,0,0,2.0,49_degrees_north,250.0,135.0,1,washington,89.0,2325.0,,washington,5774,1,1.0,7,0,0,1851,48.0,0.0
42.0,47.0,300.0,4545,70.0,0,0,0,2.0,bluewood,,110.0,0,washington,24.0,355.0,,washington,5670,1,2.0,3,0,2,1125,40.0,5.0
99.0,99.0,486.0,4400,,2,2,2,2.5,crystal_mountain,,,1,washington,57.0,2600.0,10.0,washington,7012,0,1.0,10,1,2,3100,57.0,0.0
53.75,60.01,663.0,3500,143.0,0,0,0,0.7,mt._baker,,165.0,8,washington,38.0,1000.0,,washington,5000,2,,10,0,0,1500,66.0,6.259999999999998
45.0,59.0,300.0,4200,100.0,5,0,0,0.6,mt._spokane_ski_and_snowboard_park,45.0,103.0,0,washington,52.0,1704.0,,washington,5889,1,3.0,7,0,1,2000,81.0,14.0
85.0,95.0,428.0,2840,120.0,10,3,0,0.8,the_summit_at_snoqualmie,541.0,140.0,3,washington,112.0,1994.0,5.0,washington,3865,7,5.0,27,0,4,1025,82.0,10.0
69.0,69.0,400.0,4500,148.0,2,2,0,2.5,white_pass,90.0,144.0,1,washington,45.0,1402.0,30.0,washington,6550,2,2.0,8,0,1,2050,67.0,0.0
52.0,68.0,160.0,3430,,0,0,0,1.2,canaan_valley_resort,,93.0,1,west_virginia,47.0,95.0,75.0,west_virginia,4280,1,1.0,4,0,2,850,48.0,16.0
70.0,87.0,180.0,3348,125.0,0,3,0,1.5,snowshoe_mountain_resort,86.0,138.0,2,west_virginia,60.0,257.0,257.0,west_virginia,4848,3,5.0,14,0,6,1500,46.0,17.0
72.0,92.0,150.0,3268,97.0,1,0,0,2.0,timberline_four_seasons,27.0,115.0,0,west_virginia,40.0,100.0,100.0,west_virginia,4265,1,1.0,4,0,2,1000,37.0,20.0
56.0,72.0,100.0,2997,120.0,2,0,0,1.2,winterplace_ski_resort,74.0,120.0,2,west_virginia,27.0,90.0,90.0,west_virginia,3600,2,2.0,9,0,3,603,36.0,16.0
56.0,65.0,80.0,820,100.0,1,3,0,0.2,alpine_valley_resort,90.0,120.0,0,wisconsin,21.0,90.0,90.0,wisconsin,1040,5,3.0,12,0,3,388,55.0,9.0
33.0,25.0,42.0,1000,42.0,0,0,0,0.5,bruce_mound,30.0,42.0,0,wisconsin,12.0,40.0,30.0,wisconsin,1375,4,2.0,5,0,1,375,71.0,-8.0
59.0,64.0,56.0,820,120.0,2,2,0,1.1,cascade_mountain,,120.0,2,wisconsin,47.0,175.0,175.0,wisconsin,1280,3,4.0,12,0,3,460,57.0,5.0
28.0,38.0,48.0,1300,92.0,1,0,0,0.8,christie_mountain,35.0,120.0,0,wisconsin,30.0,45.0,41.0,wisconsin,1650,5,4.0,6,0,0,350,43.0,10.0
45.0,65.0,45.0,495,110.0,6,0,0,1.0,devils_head,200.0,135.0,3,wisconsin,27.0,260.0,260.0,wisconsin,995,2,1.0,12,0,1,500,48.0,20.0
28.0,49.0,25.0,875,90.0,3,0,0,0.2,grand_geneva,30.0,93.0,0,wisconsin,20.0,30.0,30.0,wisconsin,1086,3,1.0,6,0,0,211,25.0,21.0
92.0,92.0,75.0,1242,136.0,0,2,1,0.6,granite_peak_ski_area,200.0,135.0,0,wisconsin,75.0,220.0,160.0,wisconsin,1942,2,4.0,7,0,2,700,82.0,0.0
56.0,56.0,40.0,594,115.0,3,0,0,0.4,mount_la_crosse,90.0,100.0,0,wisconsin,19.0,100.0,100.0,wisconsin,1110,1,1.0,4,0,0,516,60.0,0.0
33.0,44.0,50.0,866,99.0,3,0,0,0.5,sunburst,37.0,115.0,0,wisconsin,13.0,37.0,37.0,wisconsin,1100,6,4.0,9,0,0,214,59.0,11.0
54.0,54.0,50.0,920,130.0,1,0,0,0.5,trollhaugen,86.0,120.0,2,wisconsin,24.0,86.0,86.0,wisconsin,1200,5,4.0,8,0,0,260,69.0,0.0
17.0,48.0,41.0,860,112.0,0,0,0,0.5,tyrol_basin,32.0,103.0,0,wisconsin,18.0,32.0,32.0,wisconsin,1160,2,5.0,5,0,3,300,61.0,31.0
60.0,60.0,200.0,1295,105.0,4,0,0,1.0,whitecap_mountain,,118.0,1,wisconsin,43.0,400.0,300.0,wisconsin,1750,0,1.0,5,0,0,400,57.0,0.0
56.0,66.0,70.0,800,125.0,2,0,0,0.5,wilmot_mountain,135.0,139.0,3,wisconsin,23.0,135.0,135.0,wisconsin,1030,3,2.0,10,0,2,230,81.0,10.0
90.0,90.0,500.0,7851,152.0,0,2,0,2.7,grand_targhee_resort,,152.0,2,wyoming,95.0,2602.0,,wyoming,9920,1,1.0,5,0,0,2270,50.0,0.0
48.0,48.0,80.0,7400,121.0,1,0,0,0.6,hogadon_basin,,95.0,0,wyoming,28.0,92.0,32.0,wyoming,8000,1,1.0,2,0,0,640,61.0,0.0
42.0,42.0,310.0,6619,61.0,1,0,0,1.0,sleeping_giant_ski_resort,,77.0,0,wyoming,48.0,184.0,18.0,wyoming,7428,1,1.0,3,0,1,810,81.0,0.0
59.0,59.0,300.0,6237,121.0,1,0,0,1.0,snow_king_resort,110.0,123.0,1,wyoming,32.0,400.0,250.0,wyoming,7808,0,2.0,3,0,1,1571,80.0,0.0
49.0,49.0,250.0,8798,131.0,3,0,0,0.7,snowy_range_ski_&_recreation_area,,,0,wyoming,33.0,75.0,30.0,wyoming,9663,1,2.0,5,0,1,990,59.0,0.0
